https://open.spotify.com/playlist/37i9dQZF1DZ06evO1X6Ic8?si=e2b097abb91b4638,
https://open.spotify.com/playlist/37i9dQZF1DZ06evO3OC4Te?si=febd3ba1d8c44c04,
https://open.spotify.com/playlist/37i9dQZF1DX5KpP2LN299J?si=bff94c59e57048ff,
https://open.spotify.com/playlist/37i9dQZF1DZ06evO24QrZA?si=ff0613514ac14eb7,
https://open.spotify.com/playlist/37i9dQZF1DZ06evO3lJWvf?si=e2eb6286264d4427,
https://open.spotify.com/playlist/37i9dQZF1DZ06evO1W5c58?si=597466414c10422e,
https://open.spotify.com/playlist/37i9dQZF1DZ06evO3qQIQo?si=315ec9e74f1a4751,
https://open.spotify.com/playlist/37i9dQZF1DZ06evO3dLwzi?si=e0e18025681b48c3,
https://open.spotify.com/playlist/37i9dQZF1DZ06evO4aKvZe?si=84f46f6faeb743ad,
https://open.spotify.com/playlist/37i9dQZF1DZ06evO4BMO7S?si=e21eb3866b854ae6,
https://open.spotify.com/playlist/37i9dQZF1DZ06evO3rtJ8m?si=ee871cc9283047b4,
https://open.spotify.com/playlist/37i9dQZF1DZ06evO3mtRFH?si=453e8ff192854e09,
https://open.spotify.com/playlist/37i9dQZF1DZ06evO2yNeLe?si=59c515e6191b4d10,
https://open.spotify.com/playlist/37i9dQZF1DX7QOv5kjbU68?si=b71d497c897e45ae,
https://open.spotify.com/playlist/37i9dQZF1DZ06evO3df4Nr?si=732402c9edf841a3,
https://open.spotify.com/playlist/37i9dQZF1DZ06evO0N5yhI?si=a982787274bb44c4,
https://open.spotify.com/playlist/37i9dQZF1DZ06evO259NXG?si=bd4a705950af4cbd,
https://open.spotify.com/playlist/37i9dQZF1DZ06evO2T8209?si=41e05b18e1904db9,
https://open.spotify.com/playlist/37i9dQZF1DZ06evO1brcxq?si=a48da9c8565f4a1e,
https://open.spotify.com/playlist/37i9dQZF1DZ06evO0kFbAA?si=f64a9747ba2e46f9,
https://open.spotify.com/playlist/37i9dQZF1DWVx3vT1QCKCV?si=fa8ac047701e45bd,
https://open.spotify.com/playlist/37i9dQZF1DZ06evO2wKKgo?si=3744e1c692a440ca,
https://open.spotify.com/playlist/37i9dQZF1DZ06evO08igbC?si=8002ba6656b14d65,
https://open.spotify.com/playlist/37i9dQZF1DZ06evO3CRVnO?si=d6f579aefca845af,
https://open.spotify.com/playlist/37i9dQZF1DZ06evO0vGf4I?si=c9ac1c509e08457d,
https://open.spotify.com/playlist/37i9dQZF1DZ06evO3nMr04?si=d4d977cd13944676,
https://open.spotify.com/playlist/37i9dQZF1DXbITWG1ZJKYt?si=7125edf746de4107,
https://open.spotify.com/playlist/37i9dQZF1DXb8wplbC2YhV?si=6f17deb14e6543ac,
https://open.spotify.com/playlist/37i9dQZF1DZ06evO2llutr?si=b766f29d27f74bef,
https://open.spotify.com/playlist/37i9dQZF1DX0kbJZpiYdZl?si=64232e5da76248c2,
https://open.spotify.com/playlist/37i9dQZF1DWUa8ZRTfalHk?si=3020174d1e054524,
https://open.spotify.com/playlist/37i9dQZF1DWVqJMsgEN0F4?si=ef772d3250cf4b6c,
https://open.spotify.com/playlist/37i9dQZF1DWXRqgorJj26U?si=98c1afeed2bd4d1a,
https://open.spotify.com/playlist/37i9dQZF1DX8tZsk68tuDw?si=45df8bf6cfb0455f,
https://open.spotify.com/playlist/37i9dQZF1DWUbycBFSWTh7?si=b31d9df7ee7b4acf,
https://open.spotify.com/playlist/37i9dQZF1DWSXMERUaiq9M?si=9a449d5acdd54ee4,
https://open.spotify.com/playlist/37i9dQZF1DXdwmD5Q7Gxah?si=d04f76000f94456c,
https://open.spotify.com/playlist/37i9dQZF1DX2Nc3B70tvx0?si=6a06f081d72b4e56,
https://open.spotify.com/playlist/37i9dQZF1DWWBHeXOYZf74?si=dba5e642e8d54a5d,
https://open.spotify.com/playlist/37i9dQZF1DX4SBhb3fqCJd?si=af6c4fd203d74ea3,
https://open.spotify.com/playlist/37i9dQZF1DWUzFXarNiofw?si=2a27bc8a6a594dd5,
https://open.spotify.com/playlist/37i9dQZF1DX905zIRtblN3?si=ae74c27d52db4da1,
https://open.spotify.com/playlist/37i9dQZF1DX9tPFwDMOaN1?si=7a1e036db6574cd1,
https://open.spotify.com/playlist/37i9dQZF1DX4FcAKI5Nhzq?si=7d78aca77b0849e7,
https://open.spotify.com/playlist/37i9dQZF1DWUb0uBnlJuTi?si=adf08a2a507a47e4,
https://open.spotify.com/playlist/37i9dQZF1DXcWL5K0oNHcG?si=ce43e5a9b4424556,
https://open.spotify.com/playlist/37i9dQZF1DWSSSls9eK29h?si=b000aba1e90540df,
https://open.spotify.com/playlist/37i9dQZF1DXaUDcU6KDCj4?si=d94b95e082aa4e70,
https://open.spotify.com/playlist/37i9dQZF1DWULEW2RfoSCi?si=acd739d33137486f,
https://open.spotify.com/playlist/37i9dQZF1DWT8aqnwgRt92?si=1aded6028f024e2b,



